class,label,concept
"chambered nautilus, pearly nautilus, nautilus",0,a medium-sized body
"chambered nautilus, pearly nautilus, nautilus",0,a animal
"chambered nautilus, pearly nautilus, nautilus",0,a fleshy mantle
"chambered nautilus, pearly nautilus, nautilus",0,a small opening at one end
"chambered nautilus, pearly nautilus, nautilus",0,invertebrate
"chambered nautilus, pearly nautilus, nautilus",0,a soft body
"chambered nautilus, pearly nautilus, nautilus",0,seaweed
"chambered nautilus, pearly nautilus, nautilus",0,a shell
"chambered nautilus, pearly nautilus, nautilus",0,tentacles
"chambered nautilus, pearly nautilus, nautilus",0,mollusk
"chambered nautilus, pearly nautilus, nautilus",0,"a small, spiral shell"
"chambered nautilus, pearly nautilus, nautilus",0,fish
"chambered nautilus, pearly nautilus, nautilus",0,the ocean
"harvestman, daddy longlegs, Phalangium opilio",1,twigs
"harvestman, daddy longlegs, Phalangium opilio",1,arachnid
"harvestman, daddy longlegs, Phalangium opilio",1,"a long, thin legs"
"harvestman, daddy longlegs, Phalangium opilio",1,soil
"harvestman, daddy longlegs, Phalangium opilio",1,a prey animal
"harvestman, daddy longlegs, Phalangium opilio",1,a stone
"harvestman, daddy longlegs, Phalangium opilio",1,invertebrate
"harvestman, daddy longlegs, Phalangium opilio",1,leaves
"harvestman, daddy longlegs, Phalangium opilio",1,a tree
"harvestman, daddy longlegs, Phalangium opilio",1,no visible eyes or antennae
"harvestman, daddy longlegs, Phalangium opilio",1,no antennae
"harvestman, daddy longlegs, Phalangium opilio",1,a segmented abdomen
"harvestman, daddy longlegs, Phalangium opilio",1,a grass
"harvestman, daddy longlegs, Phalangium opilio",1,animal
"harvestman, daddy longlegs, Phalangium opilio",1,a small mouth
"harvestman, daddy longlegs, Phalangium opilio",1,a bush
"harvestman, daddy longlegs, Phalangium opilio",1,"a small, round body"
macaw,2,a branch
macaw,2,a animal
macaw,2,vertebrate
macaw,2,"a high, shrill call"
macaw,2,a tree
macaw,2,a long tail
macaw,2,a perch
macaw,2,a person
macaw,2,"a large, colorful bird"
macaw,2,a birdbath
macaw,2,a jungle
macaw,2,a bird feeder
macaw,2,"a long, thin beak"
macaw,2,a tail with long feathers
macaw,2,a cage
macaw,2,a wingspan of 3-4 feet
macaw,2,strong legs and feet
macaw,2,large wings
bittern,3,a mouse
bittern,3,cattails
bittern,3,"a long, thin neck"
bittern,3,vertebrate
bittern,3,a animal
bittern,3,black legs
bittern,3,"a long, thick neck"
bittern,3,"a small, round shape"
bittern,3,flying vertebrate
bittern,3,reeds
bittern,3,a camera
bittern,3,a fish
bittern,3,"long, orange legs"
bittern,3,brown and white feathers
bittern,3,a birdwatcher
bittern,3,a reedy call
bittern,3,"a short, black bill"
bittern,3,a swamp
"electric ray, crampfish, numbfish, torpedo",4,a net
"electric ray, crampfish, numbfish, torpedo",4,paddle-like fins
"electric ray, crampfish, numbfish, torpedo",4,"a large, rounded shape"
"electric ray, crampfish, numbfish, torpedo",4,a light
"electric ray, crampfish, numbfish, torpedo",4,"a flat, circular shape"
"electric ray, crampfish, numbfish, torpedo",4,a black or dark color
"electric ray, crampfish, numbfish, torpedo",4,fish
"electric ray, crampfish, numbfish, torpedo",4,"a long, thick tail"
"electric ray, crampfish, numbfish, torpedo",4,Mammal
"electric ray, crampfish, numbfish, torpedo",4,animal
"electric ray, crampfish, numbfish, torpedo",4,a aquarium
"electric ray, crampfish, numbfish, torpedo",4,a fish
"electric ray, crampfish, numbfish, torpedo",4,a reel
"electric ray, crampfish, numbfish, torpedo",4,a rod
"electric ray, crampfish, numbfish, torpedo",4,an aquarium
"electric ray, crampfish, numbfish, torpedo",4,bait
"electric ray, crampfish, numbfish, torpedo",4,a heater
"electric ray, crampfish, numbfish, torpedo",4,a water
"electric ray, crampfish, numbfish, torpedo",4,a filter
"electric ray, crampfish, numbfish, torpedo",4,vertebrate
"electric ray, crampfish, numbfish, torpedo",4,a large mouth
"electric ray, crampfish, numbfish, torpedo",4,"a large, bulky body"
"electric ray, crampfish, numbfish, torpedo",4,a pump
"submarine, pigboat, sub, U-boat'",5,a crew
"submarine, pigboat, sub, U-boat'",5,a sea
"submarine, pigboat, sub, U-boat'",5,watercraft
"submarine, pigboat, sub, U-boat'",5,a machine
"submarine, pigboat, sub, U-boat'",5,a conning tower
"submarine, pigboat, sub, U-boat'",5,a flag
"submarine, pigboat, sub, U-boat'",5,a captain
"submarine, pigboat, sub, U-boat'",5,"a large, cigar-shaped body"
"submarine, pigboat, sub, U-boat'",5,propellers
"submarine, pigboat, sub, U-boat'",5,a sonar
"submarine, pigboat, sub, U-boat'",5,vessel
"submarine, pigboat, sub, U-boat'",5,a torpedo
"submarine, pigboat, sub, U-boat'",5,a water
"submarine, pigboat, sub, U-boat'",5,periscopes
"submarine, pigboat, sub, U-boat'",5,"a large, rounded shape"
"submarine, pigboat, sub, U-boat'",5,a gray or blue color
"submarine, pigboat, sub, U-boat'",5,a periscope
agama,6,"a long, thick tail"
agama,6,a wedge-shaped head
agama,6,a animal
agama,6,vertebrate
agama,6,rocks
agama,6,sand
agama,6,scales
agama,6,"a long, forked tongue"
agama,6,insects
agama,6,claws on its legs
agama,6,a pointed tongue
agama,6,a lizard
agama,6,"a long, slender shape"
agama,6,reptile
agama,6,cactus
agama,6,a protruding crest on the head
agama,6,a desert
agama,6,four legs
"night snake, Hypsiglena torquata",7,a warm place to hide
"night snake, Hypsiglena torquata",7,frogs
"night snake, Hypsiglena torquata",7,a animal
"night snake, Hypsiglena torquata",7,"smooth, shiny scales"
"night snake, Hypsiglena torquata",7,darkness
"night snake, Hypsiglena torquata",7,"a long, forked tongue"
"night snake, Hypsiglena torquata",7,insects
"night snake, Hypsiglena torquata",7,a lizard
"night snake, Hypsiglena torquata",7,vertical pupils
"night snake, Hypsiglena torquata",7,a toad
"night snake, Hypsiglena torquata",7,reptile
"night snake, Hypsiglena torquata",7,a small mammal
"night snake, Hypsiglena torquata",7,smooth scales
"night snake, Hypsiglena torquata",7,a rodent
"night snake, Hypsiglena torquata",7,a mouse
"night snake, Hypsiglena torquata",7,vertebrate
"night snake, Hypsiglena torquata",7,the night
"night snake, Hypsiglena torquata",7,a dull color
"night snake, Hypsiglena torquata",7,"a short, stout body"
"indigo bunting, indigo finch, indigo bird, Passerina cyanea",8,trees
"indigo bunting, indigo finch, indigo bird, Passerina cyanea",8,pointed wings
"indigo bunting, indigo finch, indigo bird, Passerina cyanea",8,white wingbars
"indigo bunting, indigo finch, indigo bird, Passerina cyanea",8,a tree
"indigo bunting, indigo finch, indigo bird, Passerina cyanea",8,a blue body
"indigo bunting, indigo finch, indigo bird, Passerina cyanea",8,a field
"indigo bunting, indigo finch, indigo bird, Passerina cyanea",8,a black head
"indigo bunting, indigo finch, indigo bird, Passerina cyanea",8,"a short, black bill"
"indigo bunting, indigo finch, indigo bird, Passerina cyanea",8,a small songbird
"indigo bunting, indigo finch, indigo bird, Passerina cyanea",8,a worm
"indigo bunting, indigo finch, indigo bird, Passerina cyanea",8,a white chest
"indigo bunting, indigo finch, indigo bird, Passerina cyanea",8,a white throat
"indigo bunting, indigo finch, indigo bird, Passerina cyanea",8,egg
"indigo bunting, indigo finch, indigo bird, Passerina cyanea",8,leaves
"indigo bunting, indigo finch, indigo bird, Passerina cyanea",8,animal
"indigo bunting, indigo finch, indigo bird, Passerina cyanea",8,a woods
"indigo bunting, indigo finch, indigo bird, Passerina cyanea",8,a vibrant blue color
"indigo bunting, indigo finch, indigo bird, Passerina cyanea",8,a nest
"indigo bunting, indigo finch, indigo bird, Passerina cyanea",8,vertebrate
"indigo bunting, indigo finch, indigo bird, Passerina cyanea",8,a leaf
"indigo bunting, indigo finch, indigo bird, Passerina cyanea",8,invertebrate
"indigo bunting, indigo finch, indigo bird, Passerina cyanea",8,a birdbath
"indigo bunting, indigo finch, indigo bird, Passerina cyanea",8,a bird feeder
"indigo bunting, indigo finch, indigo bird, Passerina cyanea",8,a branch
"indigo bunting, indigo finch, indigo bird, Passerina cyanea",8,a seed
"tiger shark, Galeocerdo cuvieri",9,"large, sharp teeth"
"tiger shark, Galeocerdo cuvieri",9,dark stripes on the sides
"tiger shark, Galeocerdo cuvieri",9,vertebrate
"tiger shark, Galeocerdo cuvieri",9,powerful swimming ability
"tiger shark, Galeocerdo cuvieri",9,"a long, tapered tail"
"tiger shark, Galeocerdo cuvieri",9,a shark fin
"tiger shark, Galeocerdo cuvieri",9,a surfboard
"tiger shark, Galeocerdo cuvieri",9,"a long, torpedo-shaped body"
"tiger shark, Galeocerdo cuvieri",9,a shark cage
"tiger shark, Galeocerdo cuvieri",9,animal
"tiger shark, Galeocerdo cuvieri",9,a lifeguard
"tiger shark, Galeocerdo cuvieri",9,a fish
"tiger shark, Galeocerdo cuvieri",9,"a long, thin snout"
"tiger shark, Galeocerdo cuvieri",9,a white underbelly
"tiger shark, Galeocerdo cuvieri",9,a swimmer
"tiger shark, Galeocerdo cuvieri",9,a gray or blue color
"tiger shark, Galeocerdo cuvieri",9,a water
flamingo,10,black legs
flamingo,10,a pool
flamingo,10,a animal
flamingo,10,"a tall, pink bird"
flamingo,10,a warm climate
flamingo,10,a lawn
flamingo,10,a webbed foot
flamingo,10,a garden
flamingo,10,"a long, curved bill"
flamingo,10,a long neck
flamingo,10,pink or reddish feathers
flamingo,10,a short beak
flamingo,10,plants
flamingo,10,"long, arms and legs"
flamingo,10,vertebrate
flamingo,10,a person
flamingo,10,a pond
flamingo,10,a bird feeder
flamingo,10,"a long, curved neck"
flamingo,10,a bird bath
"garter snake, grass snake",11,a animal
"garter snake, grass snake",11,vertebrate
"garter snake, grass snake",11,a stone
"garter snake, grass snake",11,a leaf
"garter snake, grass snake",11,"a small, round shape"
"garter snake, grass snake",11,a stick
"garter snake, grass snake",11,"a long, forked tongue"
"garter snake, grass snake",11,a garden
"garter snake, grass snake",11,a small head
"garter snake, grass snake",11,a pair of trousers
"garter snake, grass snake",11,a necktie
"garter snake, grass snake",11,a belt at the waist
"garter snake, grass snake",11,a hole
"garter snake, grass snake",11,reptile
"garter snake, grass snake",11,a garter
"garter snake, grass snake",11,smooth scales
"common newt, Triturus vulgaris",12,"a long, thick tail"
"common newt, Triturus vulgaris",12,a leaf
"common newt, Triturus vulgaris",12,a net
"common newt, Triturus vulgaris",12,amphibian
"common newt, Triturus vulgaris",12,a lizard-like body
"common newt, Triturus vulgaris",12,a plant
"common newt, Triturus vulgaris",12,a pointed face
"common newt, Triturus vulgaris",12,salamander
"common newt, Triturus vulgaris",12,animal
"common newt, Triturus vulgaris",12,a pond
"common newt, Triturus vulgaris",12,short legs
"common newt, Triturus vulgaris",12,a log
"common newt, Triturus vulgaris",12,"a small, lightweight body"
"common newt, Triturus vulgaris",12,reptile
"common newt, Triturus vulgaris",12,"a moist, smooth skin"
"common newt, Triturus vulgaris",12,a rock
"common newt, Triturus vulgaris",12,four legs
"tench, Tinca tinca",13,"a long, thick tail"
"tench, Tinca tinca",13,a bait
"tench, Tinca tinca",13,large fins
"tench, Tinca tinca",13,a animal
"tench, Tinca tinca",13,vertebrate
"tench, Tinca tinca",13,a stocky body
"tench, Tinca tinca",13,a net
"tench, Tinca tinca",13,large scales
"tench, Tinca tinca",13,barbels around the mouth
"tench, Tinca tinca",13,a large mouth
"tench, Tinca tinca",13,"a long, blunt head"
"tench, Tinca tinca",13,a reel
"tench, Tinca tinca",13,a rod
"tench, Tinca tinca",13,a pond
"tench, Tinca tinca",13,a fish
"tench, Tinca tinca",13,a dark olive-brown coloration
"tench, Tinca tinca",13,a green or brown body
"tench, Tinca tinca",13,"a large, oval-shaped body"
"sulphur-crested cockatoo, Kakatoe galerita, Cacatua galerita",14,living thing
"sulphur-crested cockatoo, Kakatoe galerita, Cacatua galerita",14,vertebrate
"sulphur-crested cockatoo, Kakatoe galerita, Cacatua galerita",14,a long beak
"sulphur-crested cockatoo, Kakatoe galerita, Cacatua galerita",14,a nut
"sulphur-crested cockatoo, Kakatoe galerita, Cacatua galerita",14,yellow feet
"sulphur-crested cockatoo, Kakatoe galerita, Cacatua galerita",14,a fruit
"sulphur-crested cockatoo, Kakatoe galerita, Cacatua galerita",14,a tree
"sulphur-crested cockatoo, Kakatoe galerita, Cacatua galerita",14,"a high, shrill call"
"sulphur-crested cockatoo, Kakatoe galerita, Cacatua galerita",14,a perch
"sulphur-crested cockatoo, Kakatoe galerita, Cacatua galerita",14,"a large, white bird"
"sulphur-crested cockatoo, Kakatoe galerita, Cacatua galerita",14,"a long, thin beak"
"sulphur-crested cockatoo, Kakatoe galerita, Cacatua galerita",14,animal
"sulphur-crested cockatoo, Kakatoe galerita, Cacatua galerita",14,"large, dark eyes"
"sulphur-crested cockatoo, Kakatoe galerita, Cacatua galerita",14,a baby cockatoo
"sulphur-crested cockatoo, Kakatoe galerita, Cacatua galerita",14,a mate
"sulphur-crested cockatoo, Kakatoe galerita, Cacatua galerita",14,a branch
"sulphur-crested cockatoo, Kakatoe galerita, Cacatua galerita",14,a nest
"sulphur-crested cockatoo, Kakatoe galerita, Cacatua galerita",14,a lot of noise
"white stork, Ciconia ciconia",15,a animal
"white stork, Ciconia ciconia",15,a large size
"white stork, Ciconia ciconia",15,a tree
"white stork, Ciconia ciconia",15,a field
"white stork, Ciconia ciconia",15,a baby stork
"white stork, Ciconia ciconia",15,insects
"white stork, Ciconia ciconia",15,a sky
"white stork, Ciconia ciconia",15,"a long, curved neck"
"white stork, Ciconia ciconia",15,white feathers
"white stork, Ciconia ciconia",15,"a long, thin neck"
"white stork, Ciconia ciconia",15,black plumage
"white stork, Ciconia ciconia",15,"long, red legs"
"white stork, Ciconia ciconia",15,"long, arms and legs"
"white stork, Ciconia ciconia",15,a nest
"white stork, Ciconia ciconia",15,a medium-sized body
"white stork, Ciconia ciconia",15,vertebrate
"white stork, Ciconia ciconia",15,a long beak
"white stork, Ciconia ciconia",15,a baby
"white stork, Ciconia ciconia",15,"long, orange beak"
terrapin,16,"a brown, black, or green color"
terrapin,16,a animal
terrapin,16,a net
terrapin,16,a small to medium size
terrapin,16,"a small, hard shell"
terrapin,16,"a long, thick tail"
terrapin,16,"a long, slender neck"
terrapin,16,a fishing rod
terrapin,16,a turtle
terrapin,16,a reel
terrapin,16,a rod
terrapin,16,a hard shell
terrapin,16,a bait bucket
terrapin,16,reptile
terrapin,16,four legs
terrapin,16,"short, front legs"
terrapin,16,bait
terrapin,16,a fishing line
terrapin,16,a small head
terrapin,16,a pond
"diamondback, diamondback rattlesnake, Crotalus adamanteus",17,a rattle
"diamondback, diamondback rattlesnake, Crotalus adamanteus",17,"a long, thick tail"
"diamondback, diamondback rattlesnake, Crotalus adamanteus",17,a white belly
"diamondback, diamondback rattlesnake, Crotalus adamanteus",17,a medium-sized body
"diamondback, diamondback rattlesnake, Crotalus adamanteus",17,vertebrate
"diamondback, diamondback rattlesnake, Crotalus adamanteus",17,sand
"diamondback, diamondback rattlesnake, Crotalus adamanteus",17,rocks
"diamondback, diamondback rattlesnake, Crotalus adamanteus",17,a give
"diamondback, diamondback rattlesnake, Crotalus adamanteus",17,a diamond-patterned back
"diamondback, diamondback rattlesnake, Crotalus adamanteus",17,animal
"diamondback, diamondback rattlesnake, Crotalus adamanteus",17,a venom
"diamondback, diamondback rattlesnake, Crotalus adamanteus",17,"a brown, gray, or olive color"
"diamondback, diamondback rattlesnake, Crotalus adamanteus",17,a hole
"diamondback, diamondback rattlesnake, Crotalus adamanteus",17,reptile
"diamondback, diamondback rattlesnake, Crotalus adamanteus",17,a desert
"diamondback, diamondback rattlesnake, Crotalus adamanteus",17,a strike
"diamondback, diamondback rattlesnake, Crotalus adamanteus",17,a brown or white color
"flatworm, platyhelminth",18,a animal
"flatworm, platyhelminth",18,"a small, flattened body"
"flatworm, platyhelminth",18,"a large, oval shape"
"flatworm, platyhelminth",18,variable colors
"flatworm, platyhelminth",18,in the soil
"flatworm, platyhelminth",18,worm
"flatworm, platyhelminth",18,in water
"flatworm, platyhelminth",18,rocks
"flatworm, platyhelminth",18,leaves
"flatworm, platyhelminth",18,a tweezers
"flatworm, platyhelminth",18,"a long, slender shape"
"flatworm, platyhelminth",18,a wormy appearance
"flatworm, platyhelminth",18,no legs
"flatworm, platyhelminth",18,"a small, pointed tail"
"flatworm, platyhelminth",18,"a small, segmented body"
"flatworm, platyhelminth",18,a small mouth
"flatworm, platyhelminth",18,dirt
"flatworm, platyhelminth",18,no head or limbs
"flatworm, platyhelminth",18,invertebrate
"flatworm, platyhelminth",18,on a plant
"flatworm, platyhelminth",18,under a rock
"flatworm, platyhelminth",18,on an animal
sea snake,19,hollow fangs
sea snake,19,a human
sea snake,19,a net
sea snake,19,sand
sea snake,19,rocks
sea snake,19,the sea
sea snake,19,"a long, forked tongue"
sea snake,19,a pointed face
sea snake,19,seaweed
sea snake,19,a white color
sea snake,19,animal
sea snake,19,a venomous bite
sea snake,19,a fish
sea snake,19,"a long, thin body"
sea snake,19,reptile
sea snake,19,the ocean
"spiny lobster, langouste, rock lobster, crawfish, crayfish, sea crawfish",20,a bait
"spiny lobster, langouste, rock lobster, crawfish, crayfish, sea crawfish",20,a animal
"spiny lobster, langouste, rock lobster, crawfish, crayfish, sea crawfish",20,a stream
"spiny lobster, langouste, rock lobster, crawfish, crayfish, sea crawfish",20,a net
"spiny lobster, langouste, rock lobster, crawfish, crayfish, sea crawfish",20,"two small, compound eyes"
"spiny lobster, langouste, rock lobster, crawfish, crayfish, sea crawfish",20,five pairs of legs
"spiny lobster, langouste, rock lobster, crawfish, crayfish, sea crawfish",20,"a small, crab-like body"
"spiny lobster, langouste, rock lobster, crawfish, crayfish, sea crawfish",20,two large claws
"spiny lobster, langouste, rock lobster, crawfish, crayfish, sea crawfish",20,a large pair of pincers
"spiny lobster, langouste, rock lobster, crawfish, crayfish, sea crawfish",20,rocks
"spiny lobster, langouste, rock lobster, crawfish, crayfish, sea crawfish",20,a fishing rod
"spiny lobster, langouste, rock lobster, crawfish, crayfish, sea crawfish",20,"two long, antennae"
"spiny lobster, langouste, rock lobster, crawfish, crayfish, sea crawfish",20,a human
"spiny lobster, langouste, rock lobster, crawfish, crayfish, sea crawfish",20,bait
"spiny lobster, langouste, rock lobster, crawfish, crayfish, sea crawfish",20,"a long, curved body"
"spiny lobster, langouste, rock lobster, crawfish, crayfish, sea crawfish",20,"a hard, protective outer shell"
"spiny lobster, langouste, rock lobster, crawfish, crayfish, sea crawfish",20,invertebrate
"spiny lobster, langouste, rock lobster, crawfish, crayfish, sea crawfish",20,a river
"spiny lobster, langouste, rock lobster, crawfish, crayfish, sea crawfish",20,a pond
"spiny lobster, langouste, rock lobster, crawfish, crayfish, sea crawfish",20,"two long, feeler-like antennae"
"spiny lobster, langouste, rock lobster, crawfish, crayfish, sea crawfish",20,arthropod
"green snake, grass snake",21,a branch
"green snake, grass snake",21,a animal
"green snake, grass snake",21,no legs
"green snake, grass snake",21,no patterns or markings
"green snake, grass snake",21,a tree
"green snake, grass snake",21,"a long, forked tongue"
"green snake, grass snake",21,a pointed face
"green snake, grass snake",21,a small head at the other end
"green snake, grass snake",21,a bright green color
"green snake, grass snake",21,a leaves
"green snake, grass snake",21,a grass
"green snake, grass snake",21,a person
"green snake, grass snake",21,a woods
"green snake, grass snake",21,"a small, oblong shape"
"green snake, grass snake",21,"a smooth, green skin"
"green snake, grass snake",21,reptile
"green snake, grass snake",21,smooth scales
"bald eagle, American eagle, Haliaeetus leucocephalus",22,a animal
"bald eagle, American eagle, Haliaeetus leucocephalus",22,vertebrate
"bald eagle, American eagle, Haliaeetus leucocephalus",22,sharp talons and beak
"bald eagle, American eagle, Haliaeetus leucocephalus",22,"a long, sharp beak"
"bald eagle, American eagle, Haliaeetus leucocephalus",22,a flag
"bald eagle, American eagle, Haliaeetus leucocephalus",22,a tree
"bald eagle, American eagle, Haliaeetus leucocephalus",22,a white head and tail
"bald eagle, American eagle, Haliaeetus leucocephalus",22,a lake
"bald eagle, American eagle, Haliaeetus leucocephalus",22,eggs
"bald eagle, American eagle, Haliaeetus leucocephalus",22,a river
"bald eagle, American eagle, Haliaeetus leucocephalus",22,the United States
"bald eagle, American eagle, Haliaeetus leucocephalus",22,"a large, muscular body"
"bald eagle, American eagle, Haliaeetus leucocephalus",22,yellow eyes
"bald eagle, American eagle, Haliaeetus leucocephalus",22,a nest
"bald eagle, American eagle, Haliaeetus leucocephalus",22,a dark brown body
"bald eagle, American eagle, Haliaeetus leucocephalus",22,large wings
kite,23,pointed wings
kite,23,a animal
kite,23,a kite stick
kite,23,a tree
kite,23,a field
kite,23,a windy day
kite,23,a kite string
kite,23,powerful wings
kite,23,strong legs
kite,23,a sky
kite,23,a hooked beak
kite,23,good eyesight
kite,23,talons
kite,23,a human
kite,23,a hooked bill
kite,23,a light body
kite,23,a string
kite,23,"a small, oblong shape"
kite,23,a predator
"goldfish, Carassius auratus",24,"a long, thick tail"
"goldfish, Carassius auratus",24,a water filter
"goldfish, Carassius auratus",24,a human
"goldfish, Carassius auratus",24,a bait
"goldfish, Carassius auratus",24,vertebrate
"goldfish, Carassius auratus",24,"a small, round shape"
"goldfish, Carassius auratus",24,orange fins
"goldfish, Carassius auratus",24,a decoration
"goldfish, Carassius auratus",24,a net
"goldfish, Carassius auratus",24,a fishbowl
"goldfish, Carassius auratus",24,a plant
"goldfish, Carassius auratus",24,animal
"goldfish, Carassius auratus",24,a reel
"goldfish, Carassius auratus",24,fish food
"goldfish, Carassius auratus",24,a fish
"goldfish, Carassius auratus",24,a rod
"goldfish, Carassius auratus",24,a small mouth
"goldfish, Carassius auratus",24,fish
scorpion,25,"a long, thick tail"
scorpion,25,a human
scorpion,25,arachnid
scorpion,25,"two small, compound eyes"
scorpion,25,sand
scorpion,25,rocks
scorpion,25,a large pair of pincers
scorpion,25,five pairs of legs
scorpion,25,eight legs
scorpion,25,animal
scorpion,25,a cactus
scorpion,25,"a long, slender shape"
scorpion,25,a desert animal
scorpion,25,a lizard
scorpion,25,a desert
scorpion,25,arthropod
goose,26,a human
goose,26,"a long, black neck"
goose,26,a animal
goose,26,vertebrate
goose,26,"a small, round shape"
goose,26,a field
goose,26,eggs
goose,26,a dog
goose,26,a pond
goose,26,a bill
goose,26,grass
goose,26,a nest
goose,26,a gander
goose,26,a webbed foot
goose,26,"a small, plump body"
bulbul,27,"a long, thick tail"
bulbul,27,a animal
bulbul,27,a short beak
bulbul,27,vertebrate
bulbul,27,a leaf
bulbul,27,"a long, thin neck"
bulbul,27,leaves
bulbul,27,a tree
bulbul,27,eggs
bulbul,27,brown and white plumage
bulbul,27,yellow eyes
bulbul,27,bright plumage
bulbul,27,a branch
bulbul,27,a nest
bulbul,27,"a small, rounded body"
chickadee,28,trees
chickadee,28,grayish upperparts
chickadee,28,vertebrate
chickadee,28,a short beak
chickadee,28,white cheeks
chickadee,28,chordate
chickadee,28,gray wings and back
chickadee,28,a animal
chickadee,28,leaves
chickadee,28,"a small, round shape"
chickadee,28,insects
chickadee,28,a woods
chickadee,28,white underparts
chickadee,28,a white cheek
chickadee,28,a bird feeder
chickadee,28,bird seed
chickadee,28,a black cap and bib
chickadee,28,bushes
"sea anemone, anemone",29,attached to a surface
"sea anemone, anemone",29,a animal
"sea anemone, anemone",29,a sedentary lifestyle
"sea anemone, anemone",29,a shrimp
"sea anemone, anemone",29,a rock
"sea anemone, anemone",29,rocks
"sea anemone, anemone",29,a central mouth
"sea anemone, anemone",29,a variety of colors
"sea anemone, anemone",29,a fish
"sea anemone, anemone",29,seaweed
"sea anemone, anemone",29,the ocean
"sea anemone, anemone",29,cnidarian
"sea anemone, anemone",29,"a small, oblong shape"
"sea anemone, anemone",29,a water
"sea anemone, anemone",29,usually found in shallow water
"sea anemone, anemone",29,invertebrate
"sea anemone, anemone",29,a soft body
"sea anemone, anemone",29,tentacles
"sea anemone, anemone",29,echinoderm
magpie,30,black legs
magpie,30,a worm
magpie,30,feathers at the other end
magpie,30,a human
magpie,30,small size
magpie,30,"a long, curved beak"
magpie,30,a tree
magpie,30,a black and white color scheme
magpie,30,insects
magpie,30,a field
magpie,30,"a long, thin beak"
magpie,30,animal
magpie,30,a bird feeder
magpie,30,"loud, harsh call"
magpie,30,a slender body
magpie,30,"a long, feathered tail"
magpie,30,a nest
mud turtle,31,a animal
mud turtle,31,mud
mud turtle,31,a grass
mud turtle,31,water
mud turtle,31,a log
mud turtle,31,a webbed foot
mud turtle,31,"a long, thick tail"
mud turtle,31,"a long, slender neck"
mud turtle,31,rocks
mud turtle,31,a shell
mud turtle,31,a turtle
mud turtle,31,a hard shell
mud turtle,31,reptile
mud turtle,31,a stone
mud turtle,31,"a horny, beak-like mouth"
mud turtle,31,"short, front legs"
mud turtle,31,"a small, dark-colored body"
mud turtle,31,a plant
mud turtle,31,a small head at the other end
mud turtle,31,a pond
mud turtle,31,"a small, brown shell"
centipede,32,a human
centipede,32,"a small, round shape"
centipede,32,rocks
centipede,32,invertebrate
centipede,32,leaves
centipede,32,a garden
centipede,32,insects
centipede,32,usually found outdoors
centipede,32,animal
centipede,32,a bug
centipede,32,"a pair of long, antennae"
centipede,32,a trees
centipede,32,many legs
centipede,32,a home
centipede,32,a yard
centipede,32,arthropod
centipede,32,soil
lorikeet,33,trees
lorikeet,33,a perch
lorikeet,33,a food dish
lorikeet,33,a birdcage
lorikeet,33,animal
lorikeet,33,a curved beak
lorikeet,33,a human
lorikeet,33,a short beak
lorikeet,33,a water bowl
lorikeet,33,a fruit
lorikeet,33,a toy
lorikeet,33,a protruding crest on the head
lorikeet,33,"a small, dark-colored body"
lorikeet,33,"a long, thin tail"
lorikeet,33,vertebrate
lorikeet,33,a small body
lorikeet,33,"red, blue, and yellow feathers"
lorikeet,33,a birdbath
lorikeet,33,a bird feeder
lorikeet,33,"a long, feathered tail"
lorikeet,33,brightly colored feathers
"garden spider, Aranea diademata",34,a predator
"garden spider, Aranea diademata",34,a branch
"garden spider, Aranea diademata",34,a prey animal
"garden spider, Aranea diademata",34,arachnid
"garden spider, Aranea diademata",34,"a long, thin legs"
"garden spider, Aranea diademata",34,a animal
"garden spider, Aranea diademata",34,a leaf
"garden spider, Aranea diademata",34,"a small, round shape"
"garden spider, Aranea diademata",34,a tree
"garden spider, Aranea diademata",34,a garden
"garden spider, Aranea diademata",34,eight long legs
"garden spider, Aranea diademata",34,"a long, thin abdomen"
"garden spider, Aranea diademata",34,two long pedipalps
"garden spider, Aranea diademata",34,a dark-colored carapace
spoonbill,35,a animal
spoonbill,35,a net
spoonbill,35,a webbed foot
spoonbill,35,a marsh
spoonbill,35,"a long, slender neck"
spoonbill,35,"a long, curved bill"
spoonbill,35,a reel
spoonbill,35,a fish
spoonbill,35,a rod
spoonbill,35,"a tall, slender body"
spoonbill,35,a swamp
spoonbill,35,"a long, thin neck"
spoonbill,35,feathers at the other end
spoonbill,35,black plumage
spoonbill,35,a lake
spoonbill,35,bait
spoonbill,35,"a large, flat beak"
spoonbill,35,vertebrate
spoonbill,35,a long beak
spoonbill,35,a small head at the other end
spoonbill,35,a river
hermit crab,36,a light color
hermit crab,36,a human
hermit crab,36,a animal
hermit crab,36,"a long, thin legs"
hermit crab,36,sand
hermit crab,36,invertebrate
hermit crab,36,a shell
hermit crab,36,a tide pool
hermit crab,36,"a small, crab-like body"
hermit crab,36,claws on its legs
hermit crab,36,usually has a dark color
hermit crab,36,two large claws
hermit crab,36,a rock
hermit crab,36,arthropod
hermit crab,36,seaweed
"great white shark, white shark, man-eater, man-eating shark, Carcharodon carcharias",37,a animal
"great white shark, white shark, man-eater, man-eating shark, Carcharodon carcharias",37,a large size
"great white shark, white shark, man-eater, man-eating shark, Carcharodon carcharias",37,a surfboard
"great white shark, white shark, man-eater, man-eating shark, Carcharodon carcharias",37,a surfer
"great white shark, white shark, man-eater, man-eating shark, Carcharodon carcharias",37,a seal
"great white shark, white shark, man-eater, man-eating shark, Carcharodon carcharias",37,a shark cage
"great white shark, white shark, man-eater, man-eating shark, Carcharodon carcharias",37,a camera
"great white shark, white shark, man-eater, man-eating shark, Carcharodon carcharias",37,a fish
"great white shark, white shark, man-eater, man-eating shark, Carcharodon carcharias",37,fins
"great white shark, white shark, man-eater, man-eating shark, Carcharodon carcharias",37,seaweed
"great white shark, white shark, man-eater, man-eating shark, Carcharodon carcharias",37,the ocean
"great white shark, white shark, man-eater, man-eating shark, Carcharodon carcharias",37,a white or gray color
"great white shark, white shark, man-eater, man-eating shark, Carcharodon carcharias",37,a wet suit
"great white shark, white shark, man-eater, man-eating shark, Carcharodon carcharias",37,seals
"great white shark, white shark, man-eater, man-eating shark, Carcharodon carcharias",37,a sea
"great white shark, white shark, man-eater, man-eating shark, Carcharodon carcharias",37,a diving mask
"great white shark, white shark, man-eater, man-eating shark, Carcharodon carcharias",37,"a long, torpedo-shaped body"
"great white shark, white shark, man-eater, man-eating shark, Carcharodon carcharias",37,"a small, pointed tail"
"great white shark, white shark, man-eater, man-eating shark, Carcharodon carcharias",37,vertebrate
"great white shark, white shark, man-eater, man-eating shark, Carcharodon carcharias",37,a large mouth
"great white shark, white shark, man-eater, man-eating shark, Carcharodon carcharias",37,"large, triangular fins"
green mamba,38,trees
green mamba,38,reptile
green mamba,38,"a small, round shape"
green mamba,38,a narrow head
green mamba,38,yellow or white belly
green mamba,38,"a long, tapered tail"
green mamba,38,a tree
green mamba,38,leaves
green mamba,38,a leaves
green mamba,38,a grass
green mamba,38,animal
green mamba,38,green color
green mamba,38,black or brown scales
green mamba,38,a green color
green mamba,38,a branch
green mamba,38,black or brown stripes
green mamba,38,bushes
bee eater,39,a tree
bee eater,39,a bee suit
bee eater,39,a tail with long feathers
bee eater,39,"a long, thick tail"
bee eater,39,animal
bee eater,39,beeswax
bee eater,39,beekeeping
bee eater,39,insect eater
bee eater,39,a flower
bee eater,39,a nest
bee eater,39,"a small, dark-colored body"
bee eater,39,legs with spurs
bee eater,39,vertebrate
bee eater,39,flowers
bee eater,39,a leaf
bee eater,39,a long beak
bee eater,39,honey
bee eater,39,a small head at the other end
bee eater,39,"a long, thin beak"
bee eater,39,a branch
bee eater,39,a beehive
bustard,40,"a long, thick tail"
bustard,40,a mottled brown plumage
bustard,40,vertebrate
bustard,40,a animal
bustard,40,"short, front legs"
bustard,40,"a long, sharp beak"
bustard,40,"a large, stocky bird"
bustard,40,"a long, slender neck"
bustard,40,a tree
bustard,40,a field
bustard,40,a sky
bustard,40,a fence
bustard,40,a white breast
bustard,40,a long neck
bustard,40,grass
bustard,40,a bush
"Komodo dragon, Komodo lizard, dragon lizard, giant lizard, Varanus komodoensis",41,a large size
"Komodo dragon, Komodo lizard, dragon lizard, giant lizard, Varanus komodoensis",41,a keeper
"Komodo dragon, Komodo lizard, dragon lizard, giant lizard, Varanus komodoensis",41,scales
"Komodo dragon, Komodo lizard, dragon lizard, giant lizard, Varanus komodoensis",41,a tree
"Komodo dragon, Komodo lizard, dragon lizard, giant lizard, Varanus komodoensis",41,a dish
"Komodo dragon, Komodo lizard, dragon lizard, giant lizard, Varanus komodoensis",41,a scaly skin
"Komodo dragon, Komodo lizard, dragon lizard, giant lizard, Varanus komodoensis",41,a rock
"Komodo dragon, Komodo lizard, dragon lizard, giant lizard, Varanus komodoensis",41,"long, sharp claws"
"Komodo dragon, Komodo lizard, dragon lizard, giant lizard, Varanus komodoensis",41,"a long, thick tail"
"Komodo dragon, Komodo lizard, dragon lizard, giant lizard, Varanus komodoensis",41,"a long, forked tongue"
"Komodo dragon, Komodo lizard, dragon lizard, giant lizard, Varanus komodoensis",41,animal
"Komodo dragon, Komodo lizard, dragon lizard, giant lizard, Varanus komodoensis",41,reptile
"Komodo dragon, Komodo lizard, dragon lizard, giant lizard, Varanus komodoensis",41,a fence
"Komodo dragon, Komodo lizard, dragon lizard, giant lizard, Varanus komodoensis",41,vertebrate
"Komodo dragon, Komodo lizard, dragon lizard, giant lizard, Varanus komodoensis",41,a water dish
"Komodo dragon, Komodo lizard, dragon lizard, giant lizard, Varanus komodoensis",41,a carnivorous diet
"Komodo dragon, Komodo lizard, dragon lizard, giant lizard, Varanus komodoensis",41,a zoo
"Komodo dragon, Komodo lizard, dragon lizard, giant lizard, Varanus komodoensis",41,a heat lamp
"Komodo dragon, Komodo lizard, dragon lizard, giant lizard, Varanus komodoensis",41,"a large, bulky body"
"Komodo dragon, Komodo lizard, dragon lizard, giant lizard, Varanus komodoensis",41,a cage
"Komodo dragon, Komodo lizard, dragon lizard, giant lizard, Varanus komodoensis",41,a lizard
"hognose snake, puff adder, sand viper",42,a snake charmer
"hognose snake, puff adder, sand viper",42,vertebrate
"hognose snake, puff adder, sand viper",42,a stone
"hognose snake, puff adder, sand viper",42,a white or pale color
"hognose snake, puff adder, sand viper",42,logs
"hognose snake, puff adder, sand viper",42,rocks
"hognose snake, puff adder, sand viper",42,a stick
"hognose snake, puff adder, sand viper",42,leaves
"hognose snake, puff adder, sand viper",42,"a small, round shape"
"hognose snake, puff adder, sand viper",42,animal
"hognose snake, puff adder, sand viper",42,a upturned nose
"hognose snake, puff adder, sand viper",42,a forest
"hognose snake, puff adder, sand viper",42,reptile
"hognose snake, puff adder, sand viper",42,"a large, square head"
"hognose snake, puff adder, sand viper",42,a log
"common iguana, iguana, Iguana iguana",43,trees
"common iguana, iguana, Iguana iguana",43,a branch
"common iguana, iguana, Iguana iguana",43,"a long, prehensile tongue"
"common iguana, iguana, Iguana iguana",43,a wedge-shaped head
"common iguana, iguana, Iguana iguana",43,a dish
"common iguana, iguana, Iguana iguana",43,"a long, green body"
"common iguana, iguana, Iguana iguana",43,sharp claws
"common iguana, iguana, Iguana iguana",43,a hide box
"common iguana, iguana, Iguana iguana",43,"a long, thick tail"
"common iguana, iguana, Iguana iguana",43,leaves
"common iguana, iguana, Iguana iguana",43,animal
"common iguana, iguana, Iguana iguana",43,reptile
"common iguana, iguana, Iguana iguana",43,a human
"common iguana, iguana, Iguana iguana",43,a stone
"common iguana, iguana, Iguana iguana",43,a water bowl
"common iguana, iguana, Iguana iguana",43,a basking platform
"common iguana, iguana, Iguana iguana",43,amphibian
"common iguana, iguana, Iguana iguana",43,a small head
"common iguana, iguana, Iguana iguana",43,a heat lamp
"common iguana, iguana, Iguana iguana",43,a cage
"common iguana, iguana, Iguana iguana",43,a sunbeam
"king snake, kingsnake",44,a branch
"king snake, kingsnake",44,a wedge-shaped head
"king snake, kingsnake",44,a animal
"king snake, kingsnake",44,vertebrate
"king snake, kingsnake",44,a water bowl
"king snake, kingsnake",44,"a small, round shape"
"king snake, kingsnake",44,a tree
"king snake, kingsnake",44,"a long, forked tongue"
"king snake, kingsnake",44,a leaves
"king snake, kingsnake",44,a woods
"king snake, kingsnake",44,a heat lamp
"king snake, kingsnake",44,"a small, oblong shape"
"king snake, kingsnake",44,a bed of straw
"king snake, kingsnake",44,a cage
"king snake, kingsnake",44,reptile
"king snake, kingsnake",44,smooth scales
toucan,45,trees
toucan,45,a tree
toucan,45,a perch
toucan,45,a rainforest
toucan,45,a oval-shaped body
toucan,45,feathers
toucan,45,animal
toucan,45,bright plumage
toucan,45,"short, round wings"
toucan,45,"a long, sharp beak"
toucan,45,a brightly colored body
toucan,45,a jungle
toucan,45,"large, protruding eyes"
toucan,45,fruit
toucan,45,a long beak
toucan,45,a small head at the other end
toucan,45,a bird feeder
toucan,45,a branch
toucan,45,"a long, feathered tail"
peacock,46,living thing
peacock,46,egg
peacock,46,a peahen
peacock,46,a fruit
peacock,46,"a high, shrill call"
peacock,46,a perch
peacock,46,insects
peacock,46,"a large, colorful bird"
peacock,46,animal
peacock,46,chicks
peacock,46,a bird feeder
peacock,46,a birdbath
peacock,46,a cage
peacock,46,a nest
peacock,46,organism
"barn spider, Araneus cavaticus",47,a mouse
"barn spider, Araneus cavaticus",47,"a small, round body"
"barn spider, Araneus cavaticus",47,arachnid
"barn spider, Araneus cavaticus",47,"a small, round shape"
"barn spider, Araneus cavaticus",47,a brown or grayish color
"barn spider, Araneus cavaticus",47,a brown or black color
"barn spider, Araneus cavaticus",47,eight long legs
"barn spider, Araneus cavaticus",47,"long, arms and legs"
"barn spider, Araneus cavaticus",47,"two large, curved fangs"
"barn spider, Araneus cavaticus",47,"a long, thin abdomen"
"barn spider, Araneus cavaticus",47,a hay bale
"barn spider, Araneus cavaticus",47,a rodent
"wolf spider, hunting spider",48,a dark color (usually black)
"wolf spider, hunting spider",48,arachnid
"wolf spider, hunting spider",48,a prey
"wolf spider, hunting spider",48,a animal
"wolf spider, hunting spider",48,a leaf
"wolf spider, hunting spider",48,a stone
"wolf spider, hunting spider",48,"a long, furry body"
"wolf spider, hunting spider",48,a cave
"wolf spider, hunting spider",48,insects
"wolf spider, hunting spider",48,a woods
"wolf spider, hunting spider",48,good night vision
"wolf spider, hunting spider",48,eight legs
"wolf spider, hunting spider",48,a log
"wolf spider, hunting spider",48,"two long, curved fangs"
"wolf spider, hunting spider",48,"two long, pedipalps (or fangs)"
"wolf spider, hunting spider",48,a hole
"wolf spider, hunting spider",48,a branch
"wolf spider, hunting spider",48,good eyesight
"thunder snake, worm snake, Carphophis amoenus",49,"a short, stout body"
"thunder snake, worm snake, Carphophis amoenus",49,a worm
"thunder snake, worm snake, Carphophis amoenus",49,dirt
"thunder snake, worm snake, Carphophis amoenus",49,no legs
"thunder snake, worm snake, Carphophis amoenus",49,vertebrate
"thunder snake, worm snake, Carphophis amoenus",49,a white belly
"thunder snake, worm snake, Carphophis amoenus",49,"a long, tapered tail"
"thunder snake, worm snake, Carphophis amoenus",49,a park
"thunder snake, worm snake, Carphophis amoenus",49,a garden
"thunder snake, worm snake, Carphophis amoenus",49,a small head at the other end
"thunder snake, worm snake, Carphophis amoenus",49,grass
"thunder snake, worm snake, Carphophis amoenus",49,animal
"thunder snake, worm snake, Carphophis amoenus",49,"a small, oblong shape"
"thunder snake, worm snake, Carphophis amoenus",49,"smooth, shiny skin"
"thunder snake, worm snake, Carphophis amoenus",49,a hole
"thunder snake, worm snake, Carphophis amoenus",49,reptile
"thunder snake, worm snake, Carphophis amoenus",49,"a moist, smooth skin"
"thunder snake, worm snake, Carphophis amoenus",49,a lawn
"water ouzel, dipper",50,"a long, thick tail"
"water ouzel, dipper",50,a animal
"water ouzel, dipper",50,vertebrate
"water ouzel, dipper",50,a stone
"water ouzel, dipper",50,a tree
"water ouzel, dipper",50,insects
"water ouzel, dipper",50,"a long, curved bill"
"water ouzel, dipper",50,a river
"water ouzel, dipper",50,a white breast
"water ouzel, dipper",50,a fish
"water ouzel, dipper",50,a water
"water ouzel, dipper",50,a black cap on the head
"water ouzel, dipper",50,a nest
"water ouzel, dipper",50,a log
"water ouzel, dipper",50,a webbed foot
"water ouzel, dipper",50,"a small, plump body"
"Dungeness crab, Cancer magister",51,a animal
"Dungeness crab, Cancer magister",51,five pairs of legs
"Dungeness crab, Cancer magister",51,seafood
"Dungeness crab, Cancer magister",51,two large claws
"Dungeness crab, Cancer magister",51,a fork
"Dungeness crab, Cancer magister",51,a steamer
"Dungeness crab, Cancer magister",51,"a hard, dark-colored shell"
"Dungeness crab, Cancer magister",51,a fishing rod
"Dungeness crab, Cancer magister",51,"a hard, oval-shaped shell"
"Dungeness crab, Cancer magister",51,a blade
"Dungeness crab, Cancer magister",51,a human
"Dungeness crab, Cancer magister",51,red or brown color
"Dungeness crab, Cancer magister",51,"a small, pointed tail"
"Dungeness crab, Cancer magister",51,bait
"Dungeness crab, Cancer magister",51,a pot
"Dungeness crab, Cancer magister",51,two small eyes on stalks
"Dungeness crab, Cancer magister",51,a fishing line
"Dungeness crab, Cancer magister",51,invertebrate
"Dungeness crab, Cancer magister",51,a crab trap
"Dungeness crab, Cancer magister",51,two small eyes
"Dungeness crab, Cancer magister",51,arthropod
"nematode, nematode worm, roundworm",52,fungus
"nematode, nematode worm, roundworm",52,bacteria
"nematode, nematode worm, roundworm",52,water
"nematode, nematode worm, roundworm",52,"a smooth, unsegmented body"
"nematode, nematode worm, roundworm",52,soil
"nematode, nematode worm, roundworm",52,a worm
"nematode, nematode worm, roundworm",52,"a small, round shape"
"nematode, nematode worm, roundworm",52,insects
"nematode, nematode worm, roundworm",52,animal
"nematode, nematode worm, roundworm",52,"a long, slender shape"
"nematode, nematode worm, roundworm",52,organism
"nematode, nematode worm, roundworm",52,"a small, worm-like body"
"nematode, nematode worm, roundworm",52,no legs
"nematode, nematode worm, roundworm",52,plants
"nematode, nematode worm, roundworm",52,decaying matter
"nematode, nematode worm, roundworm",52,a small mouth
"nematode, nematode worm, roundworm",52,a lack of appendages
"nematode, nematode worm, roundworm",52,a translucent body
"nematode, nematode worm, roundworm",52,invertebrate
vine snake,53,trees
vine snake,53,a animal
vine snake,53,greenish-brown color
vine snake,53,a tree
vine snake,53,branches
vine snake,53,leaves
vine snake,53,a vine
vine snake,53,"a long, forked tongue"
vine snake,53,a green or brown color
vine snake,53,"a long, slender shape"
vine snake,53,a lizard
vine snake,53,"a small, lightweight body"
vine snake,53,reptile
vine snake,53,no legs
vine snake,53,vertebrate
vine snake,53,a leaf
vine snake,53,a pointed face
vine snake,53,vines
vine snake,53,a branch
vine snake,53,"a long, snake-like shape"
wombat,54,a grass
wombat,54,"thick, woolly fur"
wombat,54,"short, stubby legs"
wombat,54,"a long, thick tail"
wombat,54,"a small, round shape"
wombat,54,a park
wombat,54,"a small, squat body"
wombat,54,Mammal
wombat,54,animal
wombat,54,"a cute, furry face"
wombat,54,Eucalyptus trees
wombat,54,marsupial
wombat,54,a woods
wombat,54,Australia
wombat,54,dirt
wombat,54,a zoo
wombat,54,a burrow
wombat,54,a eucalyptus tree
wombat,54,short legs
wombat,54,"a cute, pug-like face"
"black widow, Latrodectus mactans",55,a predator
"black widow, Latrodectus mactans",55,arachnid
"black widow, Latrodectus mactans",55,a prey
"black widow, Latrodectus mactans",55,"a long, thin legs"
"black widow, Latrodectus mactans",55,a black body
"black widow, Latrodectus mactans",55,a small head at the other end
"black widow, Latrodectus mactans",55,animal
"black widow, Latrodectus mactans",55,"a large, bulbous abdomen"
"black widow, Latrodectus mactans",55,arthropod
"oystercatcher, oyster catcher",56,a animal
"oystercatcher, oyster catcher",56,a black and white body
"oystercatcher, oyster catcher",56,a fork
"oystercatcher, oyster catcher",56,an oyster
"oystercatcher, oyster catcher",56,Shells
"oystercatcher, oyster catcher",56,a webbed foot
"oystercatcher, oyster catcher",56,rocks
"oystercatcher, oyster catcher",56,a shell
"oystercatcher, oyster catcher",56,"long, orange legs"
"oystercatcher, oyster catcher",56,seaweed
"oystercatcher, oyster catcher",56,a human
"oystercatcher, oyster catcher",56,a white belly
"oystercatcher, oyster catcher",56,a short beak
"oystercatcher, oyster catcher",56,"a long, sharp beak"
"oystercatcher, oyster catcher",56,"a small, oblong shape"
"oystercatcher, oyster catcher",56,a knife
"oystercatcher, oyster catcher",56,vertebrate
"oystercatcher, oyster catcher",56,a black and white color scheme
"oystercatcher, oyster catcher",56,"a long, thin beak"
"oystercatcher, oyster catcher",56,long legs
black grouse,57,trees
black grouse,57,a hunter
black grouse,57,vertebrate
black grouse,57,"a long, thin neck"
black grouse,57,black plumage
black grouse,57,"short, front legs"
black grouse,57,"a small, round shape"
black grouse,57,leaves
black grouse,57,a male grouse
black grouse,57,a woods
black grouse,57,a grouse
black grouse,57,animal
black grouse,57,chicks
black grouse,57,a white tail
black grouse,57,yellow eyes
black grouse,57,a white wingbar
black grouse,57,bushes
black grouse,57,a short tail
"red-backed sandpiper, dunlin, Erolia alpina",58,a dark brown back
"red-backed sandpiper, dunlin, Erolia alpina",58,a animal
"red-backed sandpiper, dunlin, Erolia alpina",58,a black stripe on the face
"red-backed sandpiper, dunlin, Erolia alpina",58,a wave
"red-backed sandpiper, dunlin, Erolia alpina",58,a white border
"red-backed sandpiper, dunlin, Erolia alpina",58,"a short, black bill"
"red-backed sandpiper, dunlin, Erolia alpina",58,seagrass
"red-backed sandpiper, dunlin, Erolia alpina",58,rocks
"red-backed sandpiper, dunlin, Erolia alpina",58,a red background
"red-backed sandpiper, dunlin, Erolia alpina",58,an octagonal shape
"red-backed sandpiper, dunlin, Erolia alpina",58,"a long, curved bill"
"red-backed sandpiper, dunlin, Erolia alpina",58,a shell
"red-backed sandpiper, dunlin, Erolia alpina",58,a fish
"red-backed sandpiper, dunlin, Erolia alpina",58,"long, orange legs"
"red-backed sandpiper, dunlin, Erolia alpina",58,a shore
"red-backed sandpiper, dunlin, Erolia alpina",58,seaweed
"red-backed sandpiper, dunlin, Erolia alpina",58,a white belly
"red-backed sandpiper, dunlin, Erolia alpina",58,a gull
"red-backed sandpiper, dunlin, Erolia alpina",58,a black belly patch
"red-backed sandpiper, dunlin, Erolia alpina",58,"a small, sparrow-like bird"
"red-backed sandpiper, dunlin, Erolia alpina",58,vertebrate
"red-backed sandpiper, dunlin, Erolia alpina",58,"a small, stocky shorebird"
"red-backed sandpiper, dunlin, Erolia alpina",58,a sandpiper
"goldfinch, Carduelis carduelis",59,a animal
"goldfinch, Carduelis carduelis",59,black wings with white stripes
"goldfinch, Carduelis carduelis",59,a tree
"goldfinch, Carduelis carduelis",59,"a small, forked tail"
"goldfinch, Carduelis carduelis",59,yellow feathers
"goldfinch, Carduelis carduelis",59,"a small, round shape"
"goldfinch, Carduelis carduelis",59,leaves
"goldfinch, Carduelis carduelis",59,a sky
"goldfinch, Carduelis carduelis",59,a bright yellow color
"goldfinch, Carduelis carduelis",59,a short beak
"goldfinch, Carduelis carduelis",59,a flower
"goldfinch, Carduelis carduelis",59,bird seed
"goldfinch, Carduelis carduelis",59,vertebrate
"goldfinch, Carduelis carduelis",59,a leaf
"goldfinch, Carduelis carduelis",59,a small head at the other end
"goldfinch, Carduelis carduelis",59,"a long, thin beak"
"goldfinch, Carduelis carduelis",59,black wings with white bars
"goldfinch, Carduelis carduelis",59,a bird feeder
"goldfinch, Carduelis carduelis",59,a branch
snail,60,mollusc
snail,60,dirt
snail,60,slow moving
snail,60,a leaf
snail,60,two small tentacles
snail,60,rocks
snail,60,"a small, slimy body"
snail,60,invertebrate
snail,60,a garden
snail,60,plants
snail,60,a shell
snail,60,animal
snail,60,"a soft, slimy body"
snail,60,a water
snail,60,"a small, spiral shell"
snail,60,"a large, coiled shell"
"hammerhead, hammerhead shark",61,a human
"hammerhead, hammerhead shark",61,large fins
"hammerhead, hammerhead shark",61,a grey or white body
"hammerhead, hammerhead shark",61,vertebrate
"hammerhead, hammerhead shark",61,grayish color
"hammerhead, hammerhead shark",61,a big head
"hammerhead, hammerhead shark",61,eyes at the side of the head
"hammerhead, hammerhead shark",61,a large mouth
"hammerhead, hammerhead shark",61,the ocean
"hammerhead, hammerhead shark",61,other sharks
"hammerhead, hammerhead shark",61,animal
"hammerhead, hammerhead shark",61,"a long, thick body"
"hammerhead, hammerhead shark",61,powerful fins
"hammerhead, hammerhead shark",61,"a large, round body"
"hammerhead, hammerhead shark",61,fish
"hammerhead, hammerhead shark",61,seaweed
"spotted salamander, Ambystoma maculatum",62,a animal
"spotted salamander, Ambystoma maculatum",62,a stream
"spotted salamander, Ambystoma maculatum",62,smooth skin
"spotted salamander, Ambystoma maculatum",62,a log
"spotted salamander, Ambystoma maculatum",62,"a small, round shape"
"spotted salamander, Ambystoma maculatum",62,leaves
"spotted salamander, Ambystoma maculatum",62,insects
"spotted salamander, Ambystoma maculatum",62,reptile
"spotted salamander, Ambystoma maculatum",62,"a moist, smooth skin"
"spotted salamander, Ambystoma maculatum",62,four legs
"spotted salamander, Ambystoma maculatum",62,a human
"spotted salamander, Ambystoma maculatum",62,a stone
"spotted salamander, Ambystoma maculatum",62,amphibian
"spotted salamander, Ambystoma maculatum",62,a stick
"spotted salamander, Ambystoma maculatum",62,vertebrate
"spotted salamander, Ambystoma maculatum",62,a leaf
"spotted salamander, Ambystoma maculatum",62,salamander
"spotted salamander, Ambystoma maculatum",62,a forest
"spotted salamander, Ambystoma maculatum",62,"a short, stout body"
"spotted salamander, Ambystoma maculatum",62,"a long, feathered tail"
"American alligator, Alligator mississipiensis",63,trees
"American alligator, Alligator mississipiensis",63,a animal
"American alligator, Alligator mississipiensis",63,a tree
"American alligator, Alligator mississipiensis",63,mud
"American alligator, Alligator mississipiensis",63,a scaly skin
"American alligator, Alligator mississipiensis",63,"a large, powerful jaw"
"American alligator, Alligator mississipiensis",63,a log
"American alligator, Alligator mississipiensis",63,fish
"American alligator, Alligator mississipiensis",63,"a long, thick tail"
"American alligator, Alligator mississipiensis",63,"large, sharp teeth"
"American alligator, Alligator mississipiensis",63,reeds
"American alligator, Alligator mississipiensis",63,crocodilian
"American alligator, Alligator mississipiensis",63,"a wide, flat head"
"American alligator, Alligator mississipiensis",63,reptile
"American alligator, Alligator mississipiensis",63,a swamp
"American alligator, Alligator mississipiensis",63,"short, front legs"
"American alligator, Alligator mississipiensis",63,a lake
"American alligator, Alligator mississipiensis",63,a water
"American alligator, Alligator mississipiensis",63,a person
"American alligator, Alligator mississipiensis",63,a river
"American alligator, Alligator mississipiensis",63,"a large, bulky body"
banded gecko,64,"a long, thick tail"
banded gecko,64,a medium-sized body
banded gecko,64,wide head
banded gecko,64,gecko
banded gecko,64,a water bowl
banded gecko,64,rocks
banded gecko,64,sand
banded gecko,64,snakes
banded gecko,64,insects
banded gecko,64,"a long, conspicuous tail"
banded gecko,64,animal
banded gecko,64,"a small, sturdy body"
banded gecko,64,large eyes
banded gecko,64,a lizard
banded gecko,64,"large, round eyes"
banded gecko,64,reptile
banded gecko,64,a desert
banded gecko,64,four legs
"wallaby, brush kangaroo",65,trees
"wallaby, brush kangaroo",65,a tree
"wallaby, brush kangaroo",65,a field
"wallaby, brush kangaroo",65,a grass
"wallaby, brush kangaroo",65,large ears
"wallaby, brush kangaroo",65,a stocky body
"wallaby, brush kangaroo",65,a park
"wallaby, brush kangaroo",65,Mammal
"wallaby, brush kangaroo",65,animal
"wallaby, brush kangaroo",65,a bush
"wallaby, brush kangaroo",65,marsupial
"wallaby, brush kangaroo",65,a nature reserve
"wallaby, brush kangaroo",65,pouch for carrying young
"wallaby, brush kangaroo",65,"short, front legs"
"wallaby, brush kangaroo",65,"a small, sturdy body"
"wallaby, brush kangaroo",65,Australia
"wallaby, brush kangaroo",65,a zoo
"wallaby, brush kangaroo",65,"a long, conspicuous tail"
"wallaby, brush kangaroo",65,a marsupial pouch
"wallaby, brush kangaroo",65,a forest
"great grey owl, great gray owl, Strix nebulosa",66,trees
"great grey owl, great gray owl, Strix nebulosa",66,a mouse
"great grey owl, great gray owl, Strix nebulosa",66,a rabbit
"great grey owl, great gray owl, Strix nebulosa",66,vertebrate
"great grey owl, great gray owl, Strix nebulosa",66,heavy facial discs
"great grey owl, great gray owl, Strix nebulosa",66,a field
"great grey owl, great gray owl, Strix nebulosa",66,a woods
"great grey owl, great gray owl, Strix nebulosa",66,a round face
"great grey owl, great gray owl, Strix nebulosa",66,animal
"great grey owl, great gray owl, Strix nebulosa",66,a vole
"great grey owl, great gray owl, Strix nebulosa",66,owl pellets
"great grey owl, great gray owl, Strix nebulosa",66,"a large, muscular body"
"great grey owl, great gray owl, Strix nebulosa",66,yellow eyes
"great grey owl, great gray owl, Strix nebulosa",66,white or gray plumage
"great grey owl, great gray owl, Strix nebulosa",66,gray or white feathers
"great grey owl, great gray owl, Strix nebulosa",66,a nest
"great grey owl, great gray owl, Strix nebulosa",66,a meadow
"great grey owl, great gray owl, Strix nebulosa",66,a beak
jellyfish,67,a sea
jellyfish,67,often brightly colored
jellyfish,67,a animal
jellyfish,67,"long, tentacles hanging down"
jellyfish,67,a net
jellyfish,67,invertebrate
jellyfish,67,seaweed
jellyfish,67,a person
jellyfish,67,a fish
jellyfish,67,a bell-shaped body
jellyfish,67,a jelly-like texture
jellyfish,67,"a soft, translucent body"
"black swan, Cygnus atratus",68,a animal
"black swan, Cygnus atratus",68,a stream
"black swan, Cygnus atratus",68,grasses
"black swan, Cygnus atratus",68,water
"black swan, Cygnus atratus",68,a cygnet
"black swan, Cygnus atratus",68,a webbed foot
"black swan, Cygnus atratus",68,reeds
"black swan, Cygnus atratus",68,a long neck
"black swan, Cygnus atratus",68,"short, round wings"
"black swan, Cygnus atratus",68,"a long, thin neck"
"black swan, Cygnus atratus",68,a short beak
"black swan, Cygnus atratus",68,black plumage
"black swan, Cygnus atratus",68,a lake
"black swan, Cygnus atratus",68,orange bill and legs
"black swan, Cygnus atratus",68,a swan
"black swan, Cygnus atratus",68,a wetland
"black swan, Cygnus atratus",68,vertebrate
"black swan, Cygnus atratus",68,a black body
"black swan, Cygnus atratus",68,a small body
"black swan, Cygnus atratus",68,a river
"black swan, Cygnus atratus",68,a pond
ptarmigan,69,"a long, thick tail"
ptarmigan,69,a bird of prey
ptarmigan,69,a human
ptarmigan,69,a webbed foot
ptarmigan,69,a short beak
ptarmigan,69,vertebrate
ptarmigan,69,a snow
ptarmigan,69,rocks
ptarmigan,69,a animal
ptarmigan,69,a shotgun
ptarmigan,69,a woods
ptarmigan,69,animal
ptarmigan,69,short legs
ptarmigan,69,a white tail
ptarmigan,69,tundra
ptarmigan,69,ice
ptarmigan,69,"a small, plump body"
hummingbird,70,sugar water
hummingbird,70,iridescent feathers
hummingbird,70,vertebrate
hummingbird,70,flowers
hummingbird,70,a short beak
hummingbird,70,"a small, bird-like body"
hummingbird,70,a tree
hummingbird,70,nectar
hummingbird,70,a perch
hummingbird,70,insects
hummingbird,70,"a long, thin beak"
hummingbird,70,animal
hummingbird,70,a feeder
hummingbird,70,insectivore
hummingbird,70,wings that move very fast
hummingbird,70,brightly colored feathers
"whiptail, whiptail lizard",71,a animal
"whiptail, whiptail lizard",71,vertebrate
"whiptail, whiptail lizard",71,"a small, round shape"
"whiptail, whiptail lizard",71,"short, front legs"
"whiptail, whiptail lizard",71,rocks
"whiptail, whiptail lizard",71,a brown or white color
"whiptail, whiptail lizard",71,a long tail
"whiptail, whiptail lizard",71,a grassland
"whiptail, whiptail lizard",71,"a small, oblong shape"
"whiptail, whiptail lizard",71,living in arid climates
"whiptail, whiptail lizard",71,a cactus
"whiptail, whiptail lizard",71,quick movements
"whiptail, whiptail lizard",71,a lizard
"whiptail, whiptail lizard",71,reptile
"whiptail, whiptail lizard",71,a desert
"whiptail, whiptail lizard",71,dust
"whiptail, whiptail lizard",71,a rodent
"sidewinder, horned rattlesnake, Crotalus cerastes",72,vertebrate
"sidewinder, horned rattlesnake, Crotalus cerastes",72,sand
"sidewinder, horned rattlesnake, Crotalus cerastes",72,rocks
"sidewinder, horned rattlesnake, Crotalus cerastes",72,"a long, feathered tail"
"sidewinder, horned rattlesnake, Crotalus cerastes",72,insects
"sidewinder, horned rattlesnake, Crotalus cerastes",72,a desert
"sidewinder, horned rattlesnake, Crotalus cerastes",72,dunes
"sidewinder, horned rattlesnake, Crotalus cerastes",72,a white color
"sidewinder, horned rattlesnake, Crotalus cerastes",72,animal
"sidewinder, horned rattlesnake, Crotalus cerastes",72,reptiles
"sidewinder, horned rattlesnake, Crotalus cerastes",72,"a small, oblong shape"
"sidewinder, horned rattlesnake, Crotalus cerastes",72,reptile
"sidewinder, horned rattlesnake, Crotalus cerastes",72,rattles
"sidewinder, horned rattlesnake, Crotalus cerastes",72,"a wide, triangular head"
"sidewinder, horned rattlesnake, Crotalus cerastes",72,cacti
"sidewinder, horned rattlesnake, Crotalus cerastes",72,a brown or white color
hen,73,a waterer
hen,73,a set of wings
hen,73,feed
hen,73,a chicken
hen,73,egg
hen,73,"a small, round shape"
hen,73,feathers
hen,73,animal
hen,73,a farmer
hen,73,a head with a beak
hen,73,"short, front legs"
hen,73,a nest
hen,73,chickens
hen,73,a chicken coop
hen,73,vertebrate
hen,73,a long beak
hen,73,a small head
hen,73,a feeder
hen,73,two legs
"horned viper, cerastes, sand viper, horned asp, Cerastes cornutus",74,viper
"horned viper, cerastes, sand viper, horned asp, Cerastes cornutus",74,a snake charmer
"horned viper, cerastes, sand viper, horned asp, Cerastes cornutus",74,"a short, stout body"
"horned viper, cerastes, sand viper, horned asp, Cerastes cornutus",74,a animal
"horned viper, cerastes, sand viper, horned asp, Cerastes cornutus",74,vertebrate
"horned viper, cerastes, sand viper, horned asp, Cerastes cornutus",74,a zigzag pattern on the back
"horned viper, cerastes, sand viper, horned asp, Cerastes cornutus",74,a white or pale color
"horned viper, cerastes, sand viper, horned asp, Cerastes cornutus",74,rocks
"horned viper, cerastes, sand viper, horned asp, Cerastes cornutus",74,sand
"horned viper, cerastes, sand viper, horned asp, Cerastes cornutus",74,large horns
"horned viper, cerastes, sand viper, horned asp, Cerastes cornutus",74,the Sahara Desert
"horned viper, cerastes, sand viper, horned asp, Cerastes cornutus",74,"a long, slender shape"
"horned viper, cerastes, sand viper, horned asp, Cerastes cornutus",74,a hole
"horned viper, cerastes, sand viper, horned asp, Cerastes cornutus",74,reptile
"horned viper, cerastes, sand viper, horned asp, Cerastes cornutus",74,a desert
"horned viper, cerastes, sand viper, horned asp, Cerastes cornutus",74,"a wide, triangular head"
"albatross, mollymawk",75,"long, narrow wings"
"albatross, mollymawk",75,a animal
"albatross, mollymawk",75,vertebrate
"albatross, mollymawk",75,"a long, sharp beak"
"albatross, mollymawk",75,able to fly long distances
"albatross, mollymawk",75,"a large, white bird"
"albatross, mollymawk",75,a ship
"albatross, mollymawk",75,a sky
"albatross, mollymawk",75,black wingtips
"albatross, mollymawk",75,birds
"albatross, mollymawk",75,seagulls
"albatross, mollymawk",75,large wings
"albatross, mollymawk",75,a webbed foot
"albatross, mollymawk",75,the ocean
"axolotl, mud puppy, Ambystoma mexicanum",76,food
"axolotl, mud puppy, Ambystoma mexicanum",76,a net
"axolotl, mud puppy, Ambystoma mexicanum",76,"a long, furry body"
"axolotl, mud puppy, Ambystoma mexicanum",76,a light
"axolotl, mud puppy, Ambystoma mexicanum",76,a rock
"axolotl, mud puppy, Ambystoma mexicanum",76,a log
"axolotl, mud puppy, Ambystoma mexicanum",76,a webbed foot
"axolotl, mud puppy, Ambystoma mexicanum",76,"a long, thick tail"
"axolotl, mud puppy, Ambystoma mexicanum",76,a thermometer
"axolotl, mud puppy, Ambystoma mexicanum",76,animal
"axolotl, mud puppy, Ambystoma mexicanum",76,fins on its back and tail
"axolotl, mud puppy, Ambystoma mexicanum",76,"short, front legs"
"axolotl, mud puppy, Ambystoma mexicanum",76,amphibian
"axolotl, mud puppy, Ambystoma mexicanum",76,a big head
"axolotl, mud puppy, Ambystoma mexicanum",76,"a small, oblong shape"
"axolotl, mud puppy, Ambystoma mexicanum",76,large eyes
"axolotl, mud puppy, Ambystoma mexicanum",76,"large, protruding eyes"
"axolotl, mud puppy, Ambystoma mexicanum",76,a heater
"axolotl, mud puppy, Ambystoma mexicanum",76,a water
"axolotl, mud puppy, Ambystoma mexicanum",76,a filter
"axolotl, mud puppy, Ambystoma mexicanum",76,vertebrate
"axolotl, mud puppy, Ambystoma mexicanum",76,a plant
"axolotl, mud puppy, Ambystoma mexicanum",76,a water pump
"tailed frog, bell toad, ribbed toad, tailed toad, Ascaphus trui",77,a animal
"tailed frog, bell toad, ribbed toad, tailed toad, Ascaphus trui",77,"a long, tailless hind end"
"tailed frog, bell toad, ribbed toad, tailed toad, Ascaphus trui",77,smooth skin
"tailed frog, bell toad, ribbed toad, tailed toad, Ascaphus trui",77,a log
"tailed frog, bell toad, ribbed toad, tailed toad, Ascaphus trui",77,a webbed foot
"tailed frog, bell toad, ribbed toad, tailed toad, Ascaphus trui",77,a worm
"tailed frog, bell toad, ribbed toad, tailed toad, Ascaphus trui",77,insects
"tailed frog, bell toad, ribbed toad, tailed toad, Ascaphus trui",77,long hind legs for leaping
"tailed frog, bell toad, ribbed toad, tailed toad, Ascaphus trui",77,a stone
"tailed frog, bell toad, ribbed toad, tailed toad, Ascaphus trui",77,amphibian
"tailed frog, bell toad, ribbed toad, tailed toad, Ascaphus trui",77,a stick
"tailed frog, bell toad, ribbed toad, tailed toad, Ascaphus trui",77,"large, protruding eyes"
"tailed frog, bell toad, ribbed toad, tailed toad, Ascaphus trui",77,"a small, slim body"
"tailed frog, bell toad, ribbed toad, tailed toad, Ascaphus trui",77,"large, webbed hind feet"
"tailed frog, bell toad, ribbed toad, tailed toad, Ascaphus trui",77,a predator
"tailed frog, bell toad, ribbed toad, tailed toad, Ascaphus trui",77,a medium-sized body
"tailed frog, bell toad, ribbed toad, tailed toad, Ascaphus trui",77,vertebrate
"tailed frog, bell toad, ribbed toad, tailed toad, Ascaphus trui",77,a leaf
"tailed frog, bell toad, ribbed toad, tailed toad, Ascaphus trui",77,"a long, conspicuous tail"
"tailed frog, bell toad, ribbed toad, tailed toad, Ascaphus trui",77,a pond
"American coot, marsh hen, mud hen, water hen, Fulica americana",78,a animal
"American coot, marsh hen, mud hen, water hen, Fulica americana",78,a stream
"American coot, marsh hen, mud hen, water hen, Fulica americana",78,a field
"American coot, marsh hen, mud hen, water hen, Fulica americana",78,a chicken
"American coot, marsh hen, mud hen, water hen, Fulica americana",78,a webbed foot
"American coot, marsh hen, mud hen, water hen, Fulica americana",78,a marsh
"American coot, marsh hen, mud hen, water hen, Fulica americana",78,"a long, thick tail"
"American coot, marsh hen, mud hen, water hen, Fulica americana",78,a reed
"American coot, marsh hen, mud hen, water hen, Fulica americana",78,a plump body
"American coot, marsh hen, mud hen, water hen, Fulica americana",78,a small to medium-sized bird
"American coot, marsh hen, mud hen, water hen, Fulica americana",78,a swamp
"American coot, marsh hen, mud hen, water hen, Fulica americana",78,"short, front legs"
"American coot, marsh hen, mud hen, water hen, Fulica americana",78,a lake
"American coot, marsh hen, mud hen, water hen, Fulica americana",78,a white bill
"American coot, marsh hen, mud hen, water hen, Fulica americana",78,a wetland
"American coot, marsh hen, mud hen, water hen, Fulica americana",78,a black body
"American coot, marsh hen, mud hen, water hen, Fulica americana",78,vertebrate
"American coot, marsh hen, mud hen, water hen, Fulica americana",78,a plant
"American coot, marsh hen, mud hen, water hen, Fulica americana",78,a river
"American coot, marsh hen, mud hen, water hen, Fulica americana",78,a pond
"American coot, marsh hen, mud hen, water hen, Fulica americana",78,a white beak
"loggerhead, loggerhead turtle, Caretta caretta",79,vertebrate
"loggerhead, loggerhead turtle, Caretta caretta",79,ocean
"loggerhead, loggerhead turtle, Caretta caretta",79,"short, powerful legs"
"loggerhead, loggerhead turtle, Caretta caretta",79,sand
"loggerhead, loggerhead turtle, Caretta caretta",79,a long tail
"loggerhead, loggerhead turtle, Caretta caretta",79,a shell
"loggerhead, loggerhead turtle, Caretta caretta",79,the ocean
"loggerhead, loggerhead turtle, Caretta caretta",79,animal
"loggerhead, loggerhead turtle, Caretta caretta",79,a flipper
"loggerhead, loggerhead turtle, Caretta caretta",79,"a long, thick body"
"loggerhead, loggerhead turtle, Caretta caretta",79,"a thick, strong neck"
"loggerhead, loggerhead turtle, Caretta caretta",79,"short, flipper-like limbs"
"loggerhead, loggerhead turtle, Caretta caretta",79,reptile
"loggerhead, loggerhead turtle, Caretta caretta",79,"a large, rounded shape"
"loggerhead, loggerhead turtle, Caretta caretta",79,a fin
"loggerhead, loggerhead turtle, Caretta caretta",79,"a small, hard shell"
"loggerhead, loggerhead turtle, Caretta caretta",79,seaweed
"redshank, Tringa totanus",80,a reddish-brown body
"redshank, Tringa totanus",80,a animal
"redshank, Tringa totanus",80,grass
"redshank, Tringa totanus",80,"long, greenish-yellow legs"
"redshank, Tringa totanus",80,tetradactyla
"redshank, Tringa totanus",80,reeds
"redshank, Tringa totanus",80,"a long, black-and-white tail"
"redshank, Tringa totanus",80,a beak
"redshank, Tringa totanus",80,a short beak
"redshank, Tringa totanus",80,"long, red legs"
"redshank, Tringa totanus",80,a wing
"redshank, Tringa totanus",80,a nest
"redshank, Tringa totanus",80,a wetland
"redshank, Tringa totanus",80,a grey or white body
"redshank, Tringa totanus",80,vertebrate
"redshank, Tringa totanus",80,white stripes on the wings
"redshank, Tringa totanus",80,"a long, red bill"
"redshank, Tringa totanus",80,a birdbath
"redshank, Tringa totanus",80,a bird feeder
"redshank, Tringa totanus",80,a white rump
"redshank, Tringa totanus",80,long grass
crane,81,a animal
crane,81,vertebrate
crane,81,a body of water
crane,81,"a long, thin legs"
crane,81,"a long, sharp beak"
crane,81,a tree
crane,81,large wingspan
crane,81,a sky
crane,81,a long neck
crane,81,"a tall, slender body"
crane,81,white or gray plumage
crane,81,"long, arms and legs"
crane,81,other birds
crane,81,a nest
tick,82,trees
tick,82,a human
tick,82,a blood meal
tick,82,arachnid
tick,82,a animal
tick,82,"a small, round shape"
tick,82,skin
tick,82,a field
tick,82,eight legs
tick,82,a body
tick,82,animal
tick,82,a hard shell
tick,82,grass
tick,82,a bush
tick,82,a dark coloration
tick,82,arthropod
sea lion,83,a bait
sea lion,83,a animal
sea lion,83,a net
sea lion,83,large flippers
sea lion,83,a rock
sea lion,83,fish
sea lion,83,"a long, thick tail"
sea lion,83,"short, fur-covered legs"
sea lion,83,"short, flippers for arms"
sea lion,83,Mammal
sea lion,83,a reel
sea lion,83,a fish
sea lion,83,a rod
sea lion,83,the ocean
sea lion,83,a big head
sea lion,83,"a long, torpedo-shaped body"
sea lion,83,"large, protruding eyes"
sea lion,83,seagulls
sea lion,83,a medium-sized body
sea lion,83,vertebrate
sea lion,83,carnivore
sea lion,83,a small head at the other end
sea lion,83,a person
sea lion,83,"a large, bulky body"
sea lion,83,flippers instead of legs
tarantula,84,a human
tarantula,84,arachnid
tarantula,84,relatively slow movement
tarantula,84,a water bowl
tarantula,84,"a long, thin legs"
tarantula,84,"a long, furry body"
tarantula,84,insects
tarantula,84,two small eyes
tarantula,84,eight legs
tarantula,84,animal
tarantula,84,a cage
tarantula,84,can be aggressive
tarantula,84,fang-like mouthparts
"boa constrictor, Constrictor constrictor",85,"a long, thick tail"
"boa constrictor, Constrictor constrictor",85,a snake charmer
"boa constrictor, Constrictor constrictor",85,a medium-sized body
"boa constrictor, Constrictor constrictor",85,a animal
"boa constrictor, Constrictor constrictor",85,a water bowl
"boa constrictor, Constrictor constrictor",85,a triangular head
"boa constrictor, Constrictor constrictor",85,two small eyes
"boa constrictor, Constrictor constrictor",85,a person
"boa constrictor, Constrictor constrictor",85,a heat lamp
"boa constrictor, Constrictor constrictor",85,"a long, thick body"
"boa constrictor, Constrictor constrictor",85,"smooth, shiny scales"
"boa constrictor, Constrictor constrictor",85,a cage
"boa constrictor, Constrictor constrictor",85,reptile
"boa constrictor, Constrictor constrictor",85,a hiding place
conch,86,mollusc
conch,86,a flared lip
conch,86,object
conch,86,"a thick, pearly inside"
conch,86,a animal
conch,86,sand
conch,86,invertebrate
conch,86,a slightly pointed end
conch,86,seaweed
conch,86,a shell
conch,86,a person
conch,86,a pink or white color
conch,86,a wide opening
conch,86,"a large, spiral-shaped shell"
conch,86,Shells
conch,86,"thick, heavy shell"
"prairie chicken, prairie grouse, prairie fowl",87,a hunter
"prairie chicken, prairie grouse, prairie fowl",87,vertebrate
"prairie chicken, prairie grouse, prairie fowl",87,a short tail
"prairie chicken, prairie grouse, prairie fowl",87,a animal
"prairie chicken, prairie grouse, prairie fowl",87,"short, front legs"
"prairie chicken, prairie grouse, prairie fowl",87,"a long, thin neck"
"prairie chicken, prairie grouse, prairie fowl",87,a tree
"prairie chicken, prairie grouse, prairie fowl",87,a small head at the other end
"prairie chicken, prairie grouse, prairie fowl",87,a field
"prairie chicken, prairie grouse, prairie fowl",87,a grouse
"prairie chicken, prairie grouse, prairie fowl",87,a prairie
"prairie chicken, prairie grouse, prairie fowl",87,"a small, pointed tail"
"prairie chicken, prairie grouse, prairie fowl",87,a pointed beak
"prairie chicken, prairie grouse, prairie fowl",87,a grass
"prairie chicken, prairie grouse, prairie fowl",87,a plump body
"prairie chicken, prairie grouse, prairie fowl",87,a bush
"prairie chicken, prairie grouse, prairie fowl",87,bushes
pelican,88,a set of wings
pelican,88,a feather
pelican,88,white or gray plumage
pelican,88,a webbed foot
pelican,88,"a long, thick neck"
pelican,88,a location near water
pelican,88,animal
pelican,88,a fish
pelican,88,"short, round wings"
pelican,88,a beak
pelican,88,feathers at the other end
pelican,88,a white or gray plumage
pelican,88,a hooked bill
pelican,88,a wing
pelican,88,a large body size
pelican,88,"a large, muscular body"
pelican,88,vertebrate
pelican,88,a long beak
pelican,88,relatively small wings
pelican,88,legs
coucal,89,trees
coucal,89,a tree
coucal,89,egg
coucal,89,leaves
coucal,89,insects
coucal,89,"a loud, cackling call"
coucal,89,animal
coucal,89,chicks
coucal,89,"a long, slender shape"
coucal,89,adults
coucal,89,"a loud, cuckoo-like call"
coucal,89,legs that are long and thin
coucal,89,a nest
coucal,89,a protruding crest on the head
coucal,89,vertebrate
coucal,89,"a long, conspicuous tail"
coucal,89,"a long, thin beak"
coucal,89,a branch
coucal,89,bushes
"limpkin, Aramus pictus",90,cattails
"limpkin, Aramus pictus",90,a animal
"limpkin, Aramus pictus",90,frogs
"limpkin, Aramus pictus",90,a hunched posture
"limpkin, Aramus pictus",90,a curved bill
"limpkin, Aramus pictus",90,a webbed foot
"limpkin, Aramus pictus",90,"a long, thick neck"
"limpkin, Aramus pictus",90,"a long,neck"
"limpkin, Aramus pictus",90,reeds
"limpkin, Aramus pictus",90,insects
"limpkin, Aramus pictus",90,a fish
"limpkin, Aramus pictus",90,a swamp
"limpkin, Aramus pictus",90,a lake
"limpkin, Aramus pictus",90,a water
"limpkin, Aramus pictus",90,vertebrate
"limpkin, Aramus pictus",90,"a small, down-turned bill"
"limpkin, Aramus pictus",90,a river
"limpkin, Aramus pictus",90,brown and white plumage
"limpkin, Aramus pictus",90,marsh plants
"limpkin, Aramus pictus",90,long legs
"chiton, coat-of-mail shell, sea cradle, polyplacophore",91,mollusc
"chiton, coat-of-mail shell, sea cradle, polyplacophore",91,a animal
"chiton, coat-of-mail shell, sea cradle, polyplacophore",91,two small tentacles
"chiton, coat-of-mail shell, sea cradle, polyplacophore",91,rocks
"chiton, coat-of-mail shell, sea cradle, polyplacophore",91,invertebrate
"chiton, coat-of-mail shell, sea cradle, polyplacophore",91,algae
"chiton, coat-of-mail shell, sea cradle, polyplacophore",91,the ocean
"chiton, coat-of-mail shell, sea cradle, polyplacophore",91,a shell
"chiton, coat-of-mail shell, sea cradle, polyplacophore",91,a tide pool
"chiton, coat-of-mail shell, sea cradle, polyplacophore",91,mollusk
"chiton, coat-of-mail shell, sea cradle, polyplacophore",91,a fish
"chiton, coat-of-mail shell, sea cradle, polyplacophore",91,crabs
"chiton, coat-of-mail shell, sea cradle, polyplacophore",91,a rock
"chiton, coat-of-mail shell, sea cradle, polyplacophore",91,Shells
"chiton, coat-of-mail shell, sea cradle, polyplacophore",91,seaweed
"black and gold garden spider, Argiope aurantia",92,arachnid
"black and gold garden spider, Argiope aurantia",92,a animal
"black and gold garden spider, Argiope aurantia",92,"a long, thin legs"
"black and gold garden spider, Argiope aurantia",92,a garden
"black and gold garden spider, Argiope aurantia",92,plants
"black and gold garden spider, Argiope aurantia",92,insects
"black and gold garden spider, Argiope aurantia",92,a small head and thorax
"black and gold garden spider, Argiope aurantia",92,a small head at the other end
"black and gold garden spider, Argiope aurantia",92,"a large, bulbous abdomen"
"black and gold garden spider, Argiope aurantia",92,"long, thin legs"
"black and gold garden spider, Argiope aurantia",92,arthropod
"leatherback turtle, leatherback, leathery turtle, Dermochelys coriacea",93,a animal
"leatherback turtle, leatherback, leathery turtle, Dermochelys coriacea",93,a large size
"leatherback turtle, leatherback, leathery turtle, Dermochelys coriacea",93,a flipper
"leatherback turtle, leatherback, leathery turtle, Dermochelys coriacea",93,sea turtle
"leatherback turtle, leatherback, leathery turtle, Dermochelys coriacea",93,the sea
"leatherback turtle, leatherback, leathery turtle, Dermochelys coriacea",93,a fish
"leatherback turtle, leatherback, leathery turtle, Dermochelys coriacea",93,a long neck
"leatherback turtle, leatherback, leathery turtle, Dermochelys coriacea",93,reptile
"leatherback turtle, leatherback, leathery turtle, Dermochelys coriacea",93,a dark coloration
"leatherback turtle, leatherback, leathery turtle, Dermochelys coriacea",93,a large body
"leatherback turtle, leatherback, leathery turtle, Dermochelys coriacea",93,a turtle shell
"leatherback turtle, leatherback, leathery turtle, Dermochelys coriacea",93,seaweed
"leatherback turtle, leatherback, leathery turtle, Dermochelys coriacea",93,the ocean
"leatherback turtle, leatherback, leathery turtle, Dermochelys coriacea",93,"a hard, leathery shell"
"leatherback turtle, leatherback, leathery turtle, Dermochelys coriacea",93,vertebrate
"leatherback turtle, leatherback, leathery turtle, Dermochelys coriacea",93,sand
"leatherback turtle, leatherback, leathery turtle, Dermochelys coriacea",93,a small head at the other end
"leatherback turtle, leatherback, leathery turtle, Dermochelys coriacea",93,people
"leatherback turtle, leatherback, leathery turtle, Dermochelys coriacea",93,flippers instead of legs
stingray,94,a pool
stingray,94,a ray-shaped mouth
stingray,94,a animal
stingray,94,a net
stingray,94,a surfboard
stingray,94,a wave
stingray,94,water
stingray,94,"a long, whip-like tail"
stingray,94,a fish
stingray,94,a dorsal fin
stingray,94,a dark coloration
stingray,94,pale gray or blue color
stingray,94,a human
stingray,94,a flat body
stingray,94,a swimmer
stingray,94,vertebrate
stingray,94,sand
stingray,94,"a long, barbed tail"
stingray,94,"a large, rounded shape"
stingray,94,pointed barbs on the tail
"rock crab, Cancer irroratus",95,crab pots
"rock crab, Cancer irroratus",95,a bait
"rock crab, Cancer irroratus",95,a animal
"rock crab, Cancer irroratus",95,a crab cracking tool
"rock crab, Cancer irroratus",95,a exoskeleton
"rock crab, Cancer irroratus",95,a net
"rock crab, Cancer irroratus",95,"a small, round shape"
"rock crab, Cancer irroratus",95,five pairs of legs
"rock crab, Cancer irroratus",95,the ocean
"rock crab, Cancer irroratus",95,a crab mallet
"rock crab, Cancer irroratus",95,a crab pot
"rock crab, Cancer irroratus",95,a person
"rock crab, Cancer irroratus",95,a white color
"rock crab, Cancer irroratus",95,a small to medium size
"rock crab, Cancer irroratus",95,a brown or red color
"rock crab, Cancer irroratus",95,two large claws
"rock crab, Cancer irroratus",95,arthropod
"rock crab, Cancer irroratus",95,a crab fork
"green lizard, Lacerta viridis",96,"a long, thick tail"
"green lizard, Lacerta viridis",96,small size
"green lizard, Lacerta viridis",96,a animal
"green lizard, Lacerta viridis",96,a pointed snout
"green lizard, Lacerta viridis",96,rocks
"green lizard, Lacerta viridis",96,a leaf
"green lizard, Lacerta viridis",96,a tree
"green lizard, Lacerta viridis",96,plants
"green lizard, Lacerta viridis",96,insects
"green lizard, Lacerta viridis",96,a green or olive color
"green lizard, Lacerta viridis",96,a warm climate
"green lizard, Lacerta viridis",96,"long, sharp claws"
"green lizard, Lacerta viridis",96,"a long, thin body"
"green lizard, Lacerta viridis",96,a lizard
"green lizard, Lacerta viridis",96,reptile
"green lizard, Lacerta viridis",96,a rock
"green lizard, Lacerta viridis",96,"a long, slender body"
"sea slug, nudibranch",97,a net
"sea slug, nudibranch",97,a large size
"sea slug, nudibranch",97,Shells
"sea slug, nudibranch",97,mollusc
"sea slug, nudibranch",97,rocks
"sea slug, nudibranch",97,animal
"sea slug, nudibranch",97,a reel
"sea slug, nudibranch",97,a rod
"sea slug, nudibranch",97,a fish
"sea slug, nudibranch",97,seaweed
"sea slug, nudibranch",97,the ocean
"sea slug, nudibranch",97,bait
"sea slug, nudibranch",97,a lack of appendages
"sea slug, nudibranch",97,sand
"sea slug, nudibranch",97,"a small, slimy body"
"sea slug, nudibranch",97,invertebrate
"sea slug, nudibranch",97,a colorful exterior
"sea slug, nudibranch",97,no shell
"sea slug, nudibranch",97,"a soft, slug-like body"
hornbill,98,trees
hornbill,98,"a long, thick tail"
hornbill,98,a brightly colored face
hornbill,98,vertebrate
hornbill,98,a animal
hornbill,98,"a long, straight bill"
hornbill,98,leaves
hornbill,98,insects
hornbill,98,a jungle
hornbill,98,"a large, tooth-filled beak"
hornbill,98,a forest
hornbill,98,"a large, bulky body"
hornbill,98,a branch
hornbill,98,a nest
hornbill,98,a large body
hornbill,98,large wings
hornbill,98,a beak
Kerry blue terrier,99,a wedge-shaped head
Kerry blue terrier,99,a dog
Kerry blue terrier,99,"a strong, muscular body"
Kerry blue terrier,99,A yard
Kerry blue terrier,99,Mammal
Kerry blue terrier,99,animal
Kerry blue terrier,99,"large, dark eyes"
Kerry blue terrier,99,dog
Kerry blue terrier,99,a blue-gray color
Kerry blue terrier,99,a human
Kerry blue terrier,99,brown or black eyes
Kerry blue terrier,99,A collar
Kerry blue terrier,99,a house
Kerry blue terrier,99,a treat
Kerry blue terrier,99,a toy
Kerry blue terrier,99,A leash
Kerry blue terrier,99,"a large, muscular body"
Kerry blue terrier,99,a black nose
Kerry blue terrier,99,"a silky, feathered coat"
Kerry blue terrier,99,terrier
Kerry blue terrier,99,"a long, dense coat"
